Lieu,Prix,Détails,Lien,Image,DerniereVue
,,,https://www.pap.fr/annonces/appartement-lille-59000-r453100395,https://cdn.pap.fr/photos/pap/83/1c/831cc2b2a7775f4cd96087c46b1356da/8-p2.webp,2026-08-12
,,,https://www.pap.fr/annonces/appartement-lille-59-r198509818,https://cdn.pap.fr/photos/pap/33/c2/33c25c4e23bf39f2c4d3da13b3ebbdb1/3-p2.webp,2026-08-12
,,,https://www.pap.fr/annonces/appartement-lille-59-r425000041,https://cdn.pap.fr/photos/pap/3b/df/3bdf53f86205fb85daca848183de5a53/3-p2.webp,2026-08-12
,N/C,,https://www.pap.fr/outils/atelier/detail?origine=liste-location&slug=signer-contrat-location,https://www.pap.fr/images/visuels/ateliers/signer-contrat-location.png,2026-08-12
,,,https://www.pap.fr/annonces/appartement-lille-59000-r464701006,https://cdn.pap.fr/photos/pap/5c/29/5c297896648715fc6e154af6b0bafc52/5-p2.webp,2026-08-12
,,,https://www.pap.fr/annonces/appartement-lille-59000-r464601914,https://cdn.pap.fr/photos/pap/21/76/217655f8cb76150f0af00b31a6446d81/2-p2.webp,2026-08-12
,,,https://www.pap.fr/annonces/appartement-lille-59000-r464700709,https://cdn.pap.fr/photos/pap/11/e9/11e9c257e11cc3391c7e87f0a9dbb8c7/1-p2.webp,2026-08-12
,,,https://www.pap.fr/annonces/appartement-lille-59000-r458701350,https://cdn.pap.fr/photos/pap/b6/f5/b6f536d807cfe78f3cd508fc8aee7bd8/b-p2.webp,2026-08-12
,,,https://www.pap.fr/annonces/appartement-lille-59000-r464601520,https://cdn.pap.fr/photos/pap/2d/84/2d841f5c56069de3a9c260789c8999bf/2-p2.webp,2026-08-12
,,,https://www.pap.fr/annonces/appartement-lille-59000-r464502032,https://cdn.pap.fr/photos/pap/25/4d/254d222bdab938dfa1cfedbb4211a929/2-p2.webp,2026-08-12
,,,https://www.pap.fr/annonces/appartement-lille-59000-r464501802,https://cdn.pap.fr/photos/pap/d6/d3/d6d3b9c9391351b22e48bdd4cc5cb8d1/d-p2.webp,2026-08-12
,,,https://www.pap.fr/annonces/appartement-lille-59000-r464501111,https://cdn.pap.fr/photos/pap/75/1e/751ee1427e4789c125f5e26640fa2456/7-p2.webp,2026-08-12
,,,https://www.pap.fr/annonces/appartement-la-madeleine-59110-r464400254,https://cdn.pap.fr/photos/pap/d1/04/d1043e019398fe55f17de6d2a0337733/d-p2.webp,2026-08-12
,,,https://www.pap.fr/annonces/appartement-waziers-59119-r456200689,https://cdn.pap.fr/photos/pap/81/1b/811bb9b11b1d32af97dfc9953b3845bd/8-p2.webp,2026-08-12
,,,https://www.pap.fr/annonces/appartement-lens-62300-r442502335,https://cdn.pap.fr/photos/pap/c5/7d/c57d2b2d8918ff8abdf146733a3350ab/c-p2.webp,2026-08-12
,,,https://www.pap.fr/annonces/appartement-lille-r464301849,https://cdn.pap.fr/photos/pap/a4/b6/a4b6b002040bdc5f908e2db3a377f789/a-p2.webp,2026-08-12
,N/C,,https://www.pap.fr/lutte-contre-la-fraude,https://www.pap.fr/images/visuels/recherche/controle-annonces.png,2026-08-12
,N/C,,https://www.pap.fr/pass-prioritaire,https://www.pap.fr/images/visuels/recherche/pass-prioritaire.png,2026-08-12
,,,https://www.pap.fr/annonces/appartement-la-madeleine-59110-r464700516,https://cdn.pap.fr/photos/pap/24/62/24629b3a4b93bcdf340bff964acc388f/2-p2.webp,2026-08-12
,,,https://www.acceslogement.fr/annonces/location-tourcoing-59200-appartement-logement-social-r33057?origine=annonce-pap&utm_source=pap&utm_medium=link&utm_campaign=pap_annonces,https://cdn.pap.fr/visuels/acceslogement/75/56/755645eff5c1b38a0f5da62fc3acdeda/7-a5.jpg,2026-08-12
,,,https://www.acceslogement.fr/annonces/location-tourcoing-59200-appartement-logement-social-r33054?origine=annonce-pap&utm_source=pap&utm_medium=link&utm_campaign=pap_annonces,https://cdn.pap.fr/visuels/acceslogement/92/17/9217d3579329e1e4e51568e8eb44a66b/9-a5.jpg,2026-08-12
,,,https://www.acceslogement.fr/annonces/location-tourcoing-59200-appartement-logement-social-r33060?origine=annonce-pap&utm_source=pap&utm_medium=link&utm_campaign=pap_annonces,https://cdn.pap.fr/visuels/acceslogement/e2/2c/e22c103c08ff13ccd247318c1cc4724e/e-a5.jpg,2026-08-12
,,,https://www.acceslogement.fr/annonces/location-la-chapelle-d-armentieres-59930-appartement-logement-social-r33075?origine=annonce-pap&utm_source=pap&utm_medium=link&utm_campaign=pap_annonces,https://cdn.pap.fr/visuels/acceslogement/c6/9a/c69a64cc94ecda1b246847a49711dc82/c-a5.jpg,2026-08-12
,,,https://www.acceslogement.fr/annonces/location-la-chapelle-d-armentieres-59930-appartement-logement-social-r33078?origine=annonce-pap&utm_source=pap&utm_medium=link&utm_campaign=pap_annonces,https://cdn.pap.fr/visuels/acceslogement/b6/44/b6443288e19eb7bac5f68b83d6ed6658/b-a5.jpg,2026-08-12
,,,https://www.acceslogement.fr/annonces/location-la-chapelle-d-armentieres-59930-appartement-logement-social-r33072?origine=annonce-pap&utm_source=pap&utm_medium=link&utm_campaign=pap_annonces,https://cdn.pap.fr/visuels/acceslogement/b6/44/b6443288e19eb7bac5f68b83d6ed6658/b-a5.jpg,2026-08-12
,,,https://www.acceslogement.fr/annonce/vente/appartement/lille-59-g43627?origine=recherche-pap&utm_source=pap&utm_medium=link&utm_campaign=pap_bannieres_appartment,https://www.pap.fr/images/visuels/visuel-immoneuf-par-defaut.jpg,2026-08-12
Valenciennes (59300) à 45km de Lille,650 €,2 pièces 1 chambre 42 m²,https://www.pap.fr/annonces/appartement-valenciennes-59300-r464402733,https://cdn.pap.fr/photos/pap/58/ad/58adef9ed703033e61eade372f4ca714/5-p2.webp,2026-08-12
Famars (59300) à 48km de Lille,605 €,2 pièces 1 chambre 37 m²,https://www.pap.fr/annonces/appartement-famars-59300-r464700706,https://cdn.pap.fr/photos/pap/5f/e6/5fe6c7d680bf1ced966b742cdc3d6dfb/5-p2.webp,2026-08-12
Famars (59300) à 48km de Lille,555 €,2 pièces 1 chambre 30 m²,https://www.pap.fr/annonces/appartement-famars-59300-r464700101,https://cdn.pap.fr/photos/pap/53/93/5393264c3b33ec28f050d0e990a9be44/5-p2.webp,2026-08-12
