Titre_Lieu,Prix,Infos,Lien,Image,DerniereVue,Quartier,Description
Location Appartement 2 pièces 36 m2,587 €par mois,"587 €par mois
LOCATION",https://www.orpi.com/annonce-location-appartement-t2-lille-59800-04ce5f27-26d8-440b-98d6-3fbb3e256b3c/,https://cutjhqvjma.cloudimg.io/_prod_/sweepbright-s3/04ce5f27-26d8-440b-98d6-3fbb3e256b3c--49ae84cc-1aec-4e33-b6c4-07fdd7cc0747.jpg?p=estate-result-item&ci_url_encoded=1&ci_sign=405a12932a8293fd166b5878f39ed4250555ea02,2026-08-12,,
Location Appartement 1 pièce 30 m2,520 €par mois,"520 €par mois
LOCATION",https://www.orpi.com/annonce-location-appartement-t1-lille-59000-1a37ddb5-f2a3-4faf-89e0-76fe1dd342c2/,https://cutjhqvjma.cloudimg.io/_prod_/sweepbright-s3/1a37ddb5-f2a3-4faf-89e0-76fe1dd342c2--1d14b1ea-95ea-40f2-8bc6-db6f6b5ee6cb.jpg?p=estate-result-item&ci_url_encoded=1&ci_sign=c21a7780a04aa757b4dc60897b58ac381ad7b356,2026-08-12,,
Location Maison 3 pièces 108 m2,1 276 €par mois,"1 276 €par mois
LOCATION",https://www.orpi.com/annonce-location-maison-t3-lille-59000-1712-120911-260/,https://cutjhqvjma.cloudimg.io/_prod_/sweepbright-s3/b712cea6-1950-45bf-8db5-f3275a38a687--86c42ca4-c47b-48e8-a7dd-c36ff7b98259.jpg?p=estate-result-item&ci_url_encoded=1&ci_sign=ff2dce8936096d044defd620ff87edc992ca5b69,2026-08-12,,
Location Appartement 1 pièce 27 m2,494 €par mois,"494 €par mois
LOCATION",https://www.orpi.com/annonce-location-appartement-t1-lille-59000-61e7f1db-92fc-4edc-aa20-0a05da7253f0/,https://cutjhqvjma.cloudimg.io/_prod_/sweepbright-s3/61e7f1db-92fc-4edc-aa20-0a05da7253f0--ac4c6762-c0ca-4677-812e-e10b51fdeccc.jpg?p=estate-result-item&ci_url_encoded=1&ci_sign=af946472a39e014a38e6d8ae9528ab3f9e687eac,2026-08-12,,
Location Appartement 2 pièces 64 m2,927 €par mois,"927 €par mois
LOCATION",https://www.orpi.com/annonce-location-appartement-t2-lille-59000-2ca1b4b7-a89e-4907-99e5-adcba193a49a/,https://cutjhqvjma.cloudimg.io/_prod_/sweepbright-s3/2ca1b4b7-a89e-4907-99e5-adcba193a49a--182eb0cf-70ea-434d-9d42-8f1f38684da6.jpg?p=estate-result-item&ci_url_encoded=1&ci_sign=d14c3533a901e6908a7389a65f493d4e2928875a,2026-08-12,,
Location Appartement 1 pièce 16 m2,407 €par mois,"407 €par mois
LOCATION",https://www.orpi.com/annonce-location-appartement-t1-lille-59800-4c6b37be-99cb-463c-85cb-353790f10e44/,https://cutjhqvjma.cloudimg.io/_prod_/sweepbright-s3/4c6b37be-99cb-463c-85cb-353790f10e44--3245d6e5-7184-4346-8100-43c653239f45.jpg?p=estate-result-item&ci_url_encoded=1&ci_sign=0e2d6994e250446554fbaea7e6864bde8e5ba00f,2026-08-12,,
Location Appartement 1 pièce 13 m2,400 €par mois,"400 €par mois
LOCATION",https://www.orpi.com/annonce-location-appartement-t1-lille-59000-e10ef7fb-36d4-46c8-b251-2a929965c617/,https://cutjhqvjma.cloudimg.io/_prod_/sweepbright-s3/e10ef7fb-36d4-46c8-b251-2a929965c617--e1931bc2-694d-4096-a438-23a6f9d7bfc9.jpg?p=estate-result-item&ci_url_encoded=1&ci_sign=eb91c460e262a3973d6d24dbc89b8d4ca9211e7a,2026-08-12,,
Location Appartement 1 pièce 41 m2,630 €par mois,"630 €par mois
LOCATION",https://www.orpi.com/annonce-location-appartement-t1-lille-59000-61b93858-9799-481d-8bd3-80d544c523c7/,https://cutjhqvjma.cloudimg.io/_prod_/sweepbright-s3/61b93858-9799-481d-8bd3-80d544c523c7--79182a19-b954-4e04-ae10-5cd639863a0d.jpg?p=estate-result-item&ci_url_encoded=1&ci_sign=f6fa00636d4734d3af8cc9835b905b5575883c9a,2026-08-12,,
Location Appartement 2 pièces 29 m2,629 €par mois,"629 €par mois
LOCATION",https://www.orpi.com/annonce-location-appartement-t2-lille-59000-ecaf26ef-855c-47ca-8507-5d7a33838e25/,https://cutjhqvjma.cloudimg.io/_prod_/sweepbright-s3/ecaf26ef-855c-47ca-8507-5d7a33838e25--9ed39d67-a31c-488e-bea9-eb50d7dd7d48.jpg?p=estate-result-item&ci_url_encoded=1&ci_sign=de575d460fe6d2d871f4458c4a09c2b1bfa6e516,2026-08-12,,
Location Appartement 1 pièce 28 m2,450 €par mois,"450 €par mois
LOCATION",https://www.orpi.com/annonce-location-appartement-t1-faches-thumesnil-59155-7823793c-e9e8-422c-92b3-173f93c2bd43/,https://cutjhqvjma.cloudimg.io/_prod_/sweepbright-s3/7823793c-e9e8-422c-92b3-173f93c2bd43--1044b3b3-4655-43f5-ac6a-f74acd63d49b.jpg?p=estate-result-item&ci_url_encoded=1&ci_sign=028f0e4206fd1a5795c2b93fc7d0c3716e1526c1,2026-08-12,,
Location Maison 3 pièces 126 m2,1 400 €par mois,"1 400 €par mois
LOCATION",https://www.orpi.com/annonce-location-maison-t3-lambersart-59130-f7419438-65ee-4fd4-bac9-36d70e12b359/,https://cutjhqvjma.cloudimg.io/_prod_/sweepbright-s3/f7419438-65ee-4fd4-bac9-36d70e12b359--29d03afd-79ba-43d4-83d6-b7afe043639b.jpg?p=estate-result-item&ci_url_encoded=1&ci_sign=281a559329344245b5b9bd8de1504a229ffde154,2026-08-12,,
Location Appartement 3 pièces 50 m2,630 €par mois,"630 €par mois
LOCATION",https://www.orpi.com/annonce-location-appartement-t3-wattignies-59139-8e53943c-23eb-4043-8c8f-897fa061af54/,https://cutjhqvjma.cloudimg.io/_prod_/sweepbright-s3/8e53943c-23eb-4043-8c8f-897fa061af54--8f5df96d-4136-430f-80dc-072f37111f27.jpg?p=estate-result-item&ci_url_encoded=1&ci_sign=9c595282fe37108e8e8905a4c5ebb5d48b6a6b67,2026-08-12,,
Location Appartement 3 pièces 58 m2,820 €par mois,"820 €par mois
PRIX EN BAISSE
LOCATION",https://www.orpi.com/annonce-location-appartement-t3-faches-thumesnil-59155-ec6346d0-2a55-4ce9-be13-2567b704f955/,https://cutjhqvjma.cloudimg.io/_prod_/sweepbright-s3/ec6346d0-2a55-4ce9-be13-2567b704f955--1292d147-ff31-48ad-8f02-a65128dbd84f.jpg?p=estate-result-item&ci_url_encoded=1&ci_sign=dd50b806cc9312032d706709b5cee31b536952b4,2026-08-12,,
Location Appartement 1 pièce 45 m2,750 €par mois,"750 €par mois
LOCATION",https://www.orpi.com/annonce-location-appartement-t1-mons-en-baroeul-59370-e877be2a-8f91-4215-8b9b-a4b78b41f7e7/,https://cutjhqvjma.cloudimg.io/_prod_/sweepbright-s3/e877be2a-8f91-4215-8b9b-a4b78b41f7e7--48965b96-1a27-410f-b0f9-1630b3648a4e.jpg?p=estate-result-item&ci_url_encoded=1&ci_sign=7ae6920e8b54f6ead6baa5429ac8d0b6ea6127aa,2026-08-12,,
Location Appartement 2 pièces 41 m2,760 €par mois,"760 €par mois
LOCATION",https://www.orpi.com/annonce-location-appartement-t2-faches-thumesnil-59155-3c4fb648-514e-41a0-acf6-f38a2f8c3ce5/,https://cutjhqvjma.cloudimg.io/_prod_/sweepbright-s3/3c4fb648-514e-41a0-acf6-f38a2f8c3ce5--417b0290-393d-4a6a-bfcb-f1e04404c5e1.jpg?p=estate-result-item&ci_url_encoded=1&ci_sign=bf8136d2174a174ee9b546f8d881625434e64d9b,2026-08-12,,
Location Appartement 2 pièces 36 m2,587 €par mois,"587 €par mois
LOCATION",https://www.orpi.com/annonce-location-appartement-t2-lille-59800-04ce5f27-26d8-440b-98d6-3fbb3e256b3c/,https://cutjhqvjma.cloudimg.io/_prod_/sweepbright-s3/04ce5f27-26d8-440b-98d6-3fbb3e256b3c--49ae84cc-1aec-4e33-b6c4-07fdd7cc0747.jpg?p=estate-result-item&ci_url_encoded=1&ci_sign=405a12932a8293fd166b5878f39ed4250555ea02,2026-08-12,,
Location Appartement 1 pièce 30 m2,520 €par mois,"520 €par mois
LOCATION",https://www.orpi.com/annonce-location-appartement-t1-lille-59000-1a37ddb5-f2a3-4faf-89e0-76fe1dd342c2/,https://cutjhqvjma.cloudimg.io/_prod_/sweepbright-s3/1a37ddb5-f2a3-4faf-89e0-76fe1dd342c2--1d14b1ea-95ea-40f2-8bc6-db6f6b5ee6cb.jpg?p=estate-result-item&ci_url_encoded=1&ci_sign=c21a7780a04aa757b4dc60897b58ac381ad7b356,2026-08-12,,
Location Maison 3 pièces 108 m2,1 276 €par mois,"1 276 €par mois
LOCATION",https://www.orpi.com/annonce-location-maison-t3-lille-59000-1712-120911-260/,https://cutjhqvjma.cloudimg.io/_prod_/sweepbright-s3/b712cea6-1950-45bf-8db5-f3275a38a687--86c42ca4-c47b-48e8-a7dd-c36ff7b98259.jpg?p=estate-result-item&ci_url_encoded=1&ci_sign=ff2dce8936096d044defd620ff87edc992ca5b69,2026-08-12,,
Location Appartement 1 pièce 27 m2,494 €par mois,"494 €par mois
LOCATION",https://www.orpi.com/annonce-location-appartement-t1-lille-59000-61e7f1db-92fc-4edc-aa20-0a05da7253f0/,https://cutjhqvjma.cloudimg.io/_prod_/sweepbright-s3/61e7f1db-92fc-4edc-aa20-0a05da7253f0--ac4c6762-c0ca-4677-812e-e10b51fdeccc.jpg?p=estate-result-item&ci_url_encoded=1&ci_sign=af946472a39e014a38e6d8ae9528ab3f9e687eac,2026-08-12,,
Location Appartement 2 pièces 64 m2,927 €par mois,"927 €par mois
LOCATION",https://www.orpi.com/annonce-location-appartement-t2-lille-59000-2ca1b4b7-a89e-4907-99e5-adcba193a49a/,https://cutjhqvjma.cloudimg.io/_prod_/sweepbright-s3/2ca1b4b7-a89e-4907-99e5-adcba193a49a--182eb0cf-70ea-434d-9d42-8f1f38684da6.jpg?p=estate-result-item&ci_url_encoded=1&ci_sign=d14c3533a901e6908a7389a65f493d4e2928875a,2026-08-12,,
Location Appartement 1 pièce 16 m2,407 €par mois,"407 €par mois
LOCATION",https://www.orpi.com/annonce-location-appartement-t1-lille-59800-4c6b37be-99cb-463c-85cb-353790f10e44/,https://cutjhqvjma.cloudimg.io/_prod_/sweepbright-s3/4c6b37be-99cb-463c-85cb-353790f10e44--3245d6e5-7184-4346-8100-43c653239f45.jpg?p=estate-result-item&ci_url_encoded=1&ci_sign=0e2d6994e250446554fbaea7e6864bde8e5ba00f,2026-08-12,,
Location Appartement 1 pièce 13 m2,400 €par mois,"400 €par mois
LOCATION",https://www.orpi.com/annonce-location-appartement-t1-lille-59000-e10ef7fb-36d4-46c8-b251-2a929965c617/,https://cutjhqvjma.cloudimg.io/_prod_/sweepbright-s3/e10ef7fb-36d4-46c8-b251-2a929965c617--e1931bc2-694d-4096-a438-23a6f9d7bfc9.jpg?p=estate-result-item&ci_url_encoded=1&ci_sign=eb91c460e262a3973d6d24dbc89b8d4ca9211e7a,2026-08-12,,
Location Appartement 1 pièce 41 m2,630 €par mois,"630 €par mois
LOCATION",https://www.orpi.com/annonce-location-appartement-t1-lille-59000-61b93858-9799-481d-8bd3-80d544c523c7/,https://cutjhqvjma.cloudimg.io/_prod_/sweepbright-s3/61b93858-9799-481d-8bd3-80d544c523c7--79182a19-b954-4e04-ae10-5cd639863a0d.jpg?p=estate-result-item&ci_url_encoded=1&ci_sign=f6fa00636d4734d3af8cc9835b905b5575883c9a,2026-08-12,,
Location Appartement 2 pièces 29 m2,629 €par mois,"629 €par mois
LOCATION",https://www.orpi.com/annonce-location-appartement-t2-lille-59000-ecaf26ef-855c-47ca-8507-5d7a33838e25/,https://cutjhqvjma.cloudimg.io/_prod_/sweepbright-s3/ecaf26ef-855c-47ca-8507-5d7a33838e25--9ed39d67-a31c-488e-bea9-eb50d7dd7d48.jpg?p=estate-result-item&ci_url_encoded=1&ci_sign=de575d460fe6d2d871f4458c4a09c2b1bfa6e516,2026-08-12,,
Location Appartement 1 pièce 28 m2,450 €par mois,"450 €par mois
LOCATION",https://www.orpi.com/annonce-location-appartement-t1-faches-thumesnil-59155-7823793c-e9e8-422c-92b3-173f93c2bd43/,https://cutjhqvjma.cloudimg.io/_prod_/sweepbright-s3/7823793c-e9e8-422c-92b3-173f93c2bd43--1044b3b3-4655-43f5-ac6a-f74acd63d49b.jpg?p=estate-result-item&ci_url_encoded=1&ci_sign=028f0e4206fd1a5795c2b93fc7d0c3716e1526c1,2026-08-12,,
Location Maison 3 pièces 126 m2,1 400 €par mois,"1 400 €par mois
LOCATION",https://www.orpi.com/annonce-location-maison-t3-lambersart-59130-f7419438-65ee-4fd4-bac9-36d70e12b359/,https://cutjhqvjma.cloudimg.io/_prod_/sweepbright-s3/f7419438-65ee-4fd4-bac9-36d70e12b359--29d03afd-79ba-43d4-83d6-b7afe043639b.jpg?p=estate-result-item&ci_url_encoded=1&ci_sign=281a559329344245b5b9bd8de1504a229ffde154,2026-08-12,,
Location Appartement 3 pièces 50 m2,630 €par mois,"630 €par mois
LOCATION",https://www.orpi.com/annonce-location-appartement-t3-wattignies-59139-8e53943c-23eb-4043-8c8f-897fa061af54/,https://cutjhqvjma.cloudimg.io/_prod_/sweepbright-s3/8e53943c-23eb-4043-8c8f-897fa061af54--8f5df96d-4136-430f-80dc-072f37111f27.jpg?p=estate-result-item&ci_url_encoded=1&ci_sign=9c595282fe37108e8e8905a4c5ebb5d48b6a6b67,2026-08-12,,
Location Appartement 3 pièces 58 m2,820 €par mois,"820 €par mois
PRIX EN BAISSE
LOCATION",https://www.orpi.com/annonce-location-appartement-t3-faches-thumesnil-59155-ec6346d0-2a55-4ce9-be13-2567b704f955/,https://cutjhqvjma.cloudimg.io/_prod_/sweepbright-s3/ec6346d0-2a55-4ce9-be13-2567b704f955--1292d147-ff31-48ad-8f02-a65128dbd84f.jpg?p=estate-result-item&ci_url_encoded=1&ci_sign=dd50b806cc9312032d706709b5cee31b536952b4,2026-08-12,,
Location Appartement 1 pièce 45 m2,750 €par mois,"750 €par mois
LOCATION",https://www.orpi.com/annonce-location-appartement-t1-mons-en-baroeul-59370-e877be2a-8f91-4215-8b9b-a4b78b41f7e7/,https://cutjhqvjma.cloudimg.io/_prod_/sweepbright-s3/e877be2a-8f91-4215-8b9b-a4b78b41f7e7--48965b96-1a27-410f-b0f9-1630b3648a4e.jpg?p=estate-result-item&ci_url_encoded=1&ci_sign=7ae6920e8b54f6ead6baa5429ac8d0b6ea6127aa,2026-08-12,,
Location Appartement 2 pièces 41 m2,760 €par mois,"760 €par mois
LOCATION",https://www.orpi.com/annonce-location-appartement-t2-faches-thumesnil-59155-3c4fb648-514e-41a0-acf6-f38a2f8c3ce5/,https://cutjhqvjma.cloudimg.io/_prod_/sweepbright-s3/3c4fb648-514e-41a0-acf6-f38a2f8c3ce5--417b0290-393d-4a6a-bfcb-f1e04404c5e1.jpg?p=estate-result-item&ci_url_encoded=1&ci_sign=bf8136d2174a174ee9b546f8d881625434e64d9b,2026-08-12,,
Location Maison 3 pièces 82 m2,1 250 €par mois,"1 250 €par mois
LOCATION",https://www.orpi.com/annonce-location-maison-t3-lille-59000-84e5e70a-006d-47e5-bd96-44bc5bdf71ec/,https://cutjhqvjma.cloudimg.io/_prod_/sweepbright-s3/84e5e70a-006d-47e5-bd96-44bc5bdf71ec--a59b9b11-7723-4a41-a715-61e367a4b6ba.jpg?p=estate-result-item&ci_url_encoded=1&ci_sign=601b582f4c53eaf46c42ad012cdccedacd73f259,2026-09-26,Bois Blancs,"Superbe maison meublé Bois blanc à louer!. (GFA) Idéalement située à Lille, dans un quartier calme et recherché à proximité immédiate des commerces, des écoles et des transports, découvrez cette magnifique maison mitoyenne des années 1930 développant 82 m² de surface habitable. En bon état général, cette demeure allie le cachet authentique de l'ancien au confort moderne. La maison propose un agencement fluide et convivial : - Séjour lumineux : Une belle pièce de vie baignée de clarté naturelle, idéale pour aménager un espace salon chaleureux et une salle à manger. - Côté nuit : Deux chambres confortables, spacieuses et calmes, garantissant la tranquillité de chacun. - Sous-sol pratique : Un espace complémentaire idéal pour le stockage, une buanderie ou un atelier. - Un extérieur d'exception en pleine ville Jardin intime & Terrasse. Un emplacement stratégique : - Accès facile et rapide aux commerces de proximité, supermarchés, services et établissements scolaires. - Excellente desserte par les transports en commun (métro, bus) et accès rapide aux grands axes pour faciliter vos déplacements quotidiens. Loyer mensuel : 1 250 € Une maison des années 30 avec jardin privatif à Lille est une opportunité très rare sur le marché de la location. Contactez-nous dès aujourd'hui pour organiser une visite !"
Location Maison 1 pièce 16 m2,550 €par mois,"550 €par mois
LOCATION",https://www.orpi.com/annonce-location-maison-t1-loos-59120-60c8b17a-4c73-474a-9bcd-c38b1d6b33e9/,https://cutjhqvjma.cloudimg.io/_prod_/sweepbright-s3/60c8b17a-4c73-474a-9bcd-c38b1d6b33e9--436f2f7d-4258-45c5-8dff-b0fabb9edaee.jpg?p=estate-result-item&ci_url_encoded=1&ci_sign=d33a917c17c95c13ea120d5032af98ecfe41d802,2026-09-26,Ennequin - Epi de Soil,"À louer : Chambre Meublée en Colocation dans Maison avec Jardin & Terrasse – Loos (Secteur CHR / Eurasanté). Disponibilité : 1er octobre 2026 Le confort d'une suite privée ! Idéal pour étudiants, professionnels de santé ou jeunes actifs. Profitez d'un cadre de vie confortable et paisible dans cette maison très bien entretenue. Vous bénéficierez d'un espace complètement indépendant tout en profitant de superbes extérieurs. UN EMPLACEMENT DE PREMIER CHOIX : À deux pas du CHR / Eurasanté : Située juste derrière le Centre Hospitalier Régional, idéale pour limiter vos temps de trajet au quotidien. Transports & Accès : Bus, métro (Eurasanté / CHR) et axes routiers à proximité immédiate pour rejoindre rapidement le centre-ville de Lille et les facultés. Commodités : Commerces de proximité, supermarchés et services accessibles à pied. DESCRIPTION DES ESPACES : Votre Espace Privatif : Chambre meublée moderne : Lumineuse et entièrement équipée. Elle dispose d'un lit confortable, d'une grande armoire penderie/rangement, d'un bureau de travail avec chaise et de rangements d'appoint. Salle d'eau & WC privatifs : Chaque chambre dispose de sa propre salle d'eau privative avec grande cabine de douche vitrée, meuble vasque suspendu, miroir, sèche-serviettes et ses propres toilettes ! Un vrai plus pour votre confort et votre intimité. Les Espaces Communs : Buanderie équipée : Un espace dédié comprenant lave-linge, sèche-linge et étendoir à disposition. LES EXTÉRIEURS (LE VRAI PLUS !) : Grande terrasse aménagée : Carrelée, équipée d'un salon de jardin et transats, parfaite pour prendre le café ou déjeuner en plein air aux beaux jours. Beau jardin : Un bel espace vert clos . INFORMATIONS COMPLÉMENTAIRES : Secteur : Loos – CHR / Eurasanté Type de bail : Location meublée Une belle prestation alliant autonomie, confort et proximité immédiate du CHR. Contactez-nous rapidement pour plus d'informations ou pour organiser une visite !"
Location Appartement 1 pièce 16 m2,550 €par mois,"550 €par mois
LOCATION",https://www.orpi.com/annonce-location-appartement-t1-loos-59120-edc00edf-5215-42df-81fd-7fbd4e007926/,https://cutjhqvjma.cloudimg.io/_prod_/sweepbright-s3/edc00edf-5215-42df-81fd-7fbd4e007926--88b265f8-8d42-4d62-acc1-f07d77e448f1.jpg?p=estate-result-item&ci_url_encoded=1&ci_sign=1d0d17c192ec3812b837dc11c22b646da3c72c4a,2026-09-26,Ennequin - Epi de Soil,"À louer : Chambre Meublée en Colocation dans Maison avec Jardin & Terrasse – Loos (Secteur CHR / Eurasanté). Disponibilité : 1er octobre 2026 Le confort d'une suite privée ! Idéal pour étudiants, professionnels de santé ou jeunes actifs. Profitez d'un cadre de vie confortable et paisible dans cette maison très bien entretenue. Vous bénéficierez d'un espace complètement indépendant tout en profitant de superbes extérieurs. UN EMPLACEMENT DE PREMIER CHOIX : À deux pas du CHR / Eurasanté : Située juste derrière le Centre Hospitalier Régional, idéale pour limiter vos temps de trajet au quotidien. Transports & Accès : Bus, métro (Eurasanté / CHR) et axes routiers à proximité immédiate pour rejoindre rapidement le centre-ville de Lille et les facultés. Commodités : Commerces de proximité, supermarchés et services accessibles à pied. DESCRIPTION DES ESPACES : Votre Espace Privatif : Chambre meublée moderne : Lumineuse et entièrement équipée. Elle dispose d'un lit confortable, d'une grande armoire penderie/rangement, d'un bureau de travail avec chaise et de rangements d'appoint. Salle d'eau & WC privatifs : Chaque chambre dispose de sa propre salle d'eau privative avec grande cabine de douche vitrée, meuble vasque suspendu, miroir, sèche-serviettes et ses propres toilettes ! Un vrai plus pour votre confort et votre intimité. Les Espaces Communs : Buanderie équipée : Un espace dédié comprenant lave-linge, sèche-linge et étendoir à disposition. LES EXTÉRIEURS (LE VRAI PLUS !) : Grande terrasse aménagée : Carrelée, équipée d'un salon de jardin et transats, parfaite pour prendre le café ou déjeuner en plein air aux beaux jours. Beau jardin : Un bel espace vert clos . INFORMATIONS COMPLÉMENTAIRES : Secteur : Loos – CHR / Eurasanté Type de bail : Location meublée Une belle prestation alliant autonomie, confort et proximité immédiate du CHR. Contactez-nous rapidement pour plus d'informations ou pour organiser une visite !"
Location Appartement 1 pièce 14 m2,550 €par mois,"550 €par mois
LOCATION",https://www.orpi.com/annonce-location-appartement-t1-loos-59120-7e180453-1bb1-4de3-b8c0-d46e12612100/,https://cutjhqvjma.cloudimg.io/_prod_/sweepbright-s3/7e180453-1bb1-4de3-b8c0-d46e12612100--851bb044-5c6c-421b-acdc-c10d05bef213.jpg?p=estate-result-item&ci_url_encoded=1&ci_sign=a7d64d861a724ff0e97b8e3fe08956df879a5147,2026-09-28,,"À louer : Chambre Meublée en Colocation dans Maison avec Jardin & Terrasse – Loos (Secteur CHR / Eurasanté). Le confort d'une suite privée ! Idéal pour étudiants, professionnels de santé ou jeunes actifs. Profitez d'un cadre de vie confortable et paisible dans cette maison très bien entretenue. Vous bénéficierez d'un espace complètement indépendant tout en profitant de superbes extérieurs. UN EMPLACEMENT DE PREMIER CHOIX : À deux pas du CHR / Eurasanté : Située juste derrière le Centre Hospitalier Régional, idéale pour limiter vos temps de trajet au quotidien. Transports & Accès : Bus, métro (Eurasanté / CHR) et axes routiers à proximité immédiate pour rejoindre rapidement le centre-ville de Lille et les facultés. Commodités : Commerces de proximité, supermarchés et services accessibles à pied. DESCRIPTION DES ESPACES : Votre Espace Privatif : Chambre meublée moderne : Lumineuse et entièrement équipée. Elle dispose d'un lit confortable, d'une grande armoire penderie/rangement, d'un bureau de travail avec chaise et de rangements d'appoint. Salle d'eau & WC privatifs : Chaque chambre dispose de sa propre salle d'eau privative avec grande cabine de douche vitrée, meuble vasque suspendu, miroir, sèche-serviettes et ses propres toilettes ! Un vrai plus pour votre confort et votre intimité. Les Espaces Communs : Buanderie équipée : Un espace dédié comprenant lave-linge, sèche-linge et étendoir à disposition. LES EXTÉRIEURS (LE VRAI PLUS !) : Grande terrasse aménagée : Carrelée, équipée d'un salon de jardin et transats, parfaite pour prendre le café ou déjeuner en plein air aux beaux jours. Beau jardin : Un bel espace vert clos . INFORMATIONS COMPLÉMENTAIRES : Secteur : Loos – CHR / Eurasanté Type de bail : Location meublée Une belle prestation alliant autonomie, confort et proximité immédiate du CHR. Contactez-nous rapidement pour plus d'informations ou pour organiser une visite !"
Location Maison 1 pièce 14 m2,550 €par mois,"550 €par mois
LOCATION",https://www.orpi.com/annonce-location-maison-t1-loos-59120-08fae46e-7646-435c-909c-4af4f33288b3/,https://cutjhqvjma.cloudimg.io/_prod_/sweepbright-s3/08fae46e-7646-435c-909c-4af4f33288b3--1a133b87-8e94-4ba7-adcb-5160fe8333a9.jpg?p=estate-result-item&ci_url_encoded=1&ci_sign=f709af9a274e259eb6b450a4b970becaaf460732,2026-09-28,,"À louer : Chambre Meublée en Colocation dans Maison avec Jardin & Terrasse – Loos (Secteur CHR / Eurasanté). Le confort d'une suite privée ! Idéal pour étudiants, professionnels de santé ou jeunes actifs. Profitez d'un cadre de vie confortable et paisible dans cette maison très bien entretenue. Vous bénéficierez d'un espace complètement indépendant tout en profitant de superbes extérieurs. UN EMPLACEMENT DE PREMIER CHOIX : À deux pas du CHR / Eurasanté : Située juste derrière le Centre Hospitalier Régional, idéale pour limiter vos temps de trajet au quotidien. Transports & Accès : Bus, métro (Eurasanté / CHR) et axes routiers à proximité immédiate pour rejoindre rapidement le centre-ville de Lille et les facultés. Commodités : Commerces de proximité, supermarchés et services accessibles à pied. DESCRIPTION DES ESPACES : Votre Espace Privatif : Chambre meublée moderne : Lumineuse et entièrement équipée. Elle dispose d'un lit confortable, d'une grande armoire penderie/rangement, d'un bureau de travail avec chaise et de rangements d'appoint. Salle d'eau & WC privatifs : Chaque chambre dispose de sa propre salle d'eau privative avec grande cabine de douche vitrée, meuble vasque suspendu, miroir, sèche-serviettes et ses propres toilettes ! Un vrai plus pour votre confort et votre intimité. Les Espaces Communs : Buanderie équipée : Un espace dédié comprenant lave-linge, sèche-linge et étendoir à disposition. LES EXTÉRIEURS (LE VRAI PLUS !) : Grande terrasse aménagée : Carrelée, équipée d'un salon de jardin et transats, parfaite pour prendre le café ou déjeuner en plein air aux beaux jours. Beau jardin : Un bel espace vert clos . INFORMATIONS COMPLÉMENTAIRES : Secteur : Loos – CHR / Eurasanté Type de bail : Location meublée Une belle prestation alliant autonomie, confort et proximité immédiate du CHR. Contactez-nous rapidement pour plus d'informations ou pour organiser une visite !"
Location Appartement 1 pièce 31 m2,541 €par mois,"541 €par mois
LOCATION",https://www.orpi.com/annonce-location-appartement-t1-mons-en-baroeul-59370-1348-120902-167/,https://cutjhqvjma.cloudimg.io/_prod_/sweepbright-s3/bac27fb1-8d3f-4371-8162-479bfafa5331--c7f9c609-1180-45a3-a437-f5747e960f05.jpg?p=estate-result-item&ci_url_encoded=1&ci_sign=15b0f460a275773210865fdb88c8f0f6b5f565c2,2026-09-28,,"Appartement Mons En Baroeul 1 pièce(s ) G-N98. (G) À deux pas de Lille, découvrez cet appartement fonctionnel de 30,83 m² situé à Mons-en-Barœul, dans une résidence des années 1975 équipée d’un ascenseur. Idéal pour un premier logement ou un pied-à-terre, il offre un beau potentiel à personnaliser selon vos envies. Le séjour, lumineux et agréable, constitue un espace central propice à la détente ou à la réception. L’appartement est en bon état général, prêt à accueillir son futur occupant. Proposé à un loyer de 541 € par mois, ce bien bénéficie d’un emplacement pratique, proche des commerces, des transports et des commodités du quotidien. Une belle opportunité à saisir pour vivre dans un quartier dynamique et bien desservi. Le bien est disponible à partir du 08/10/2026. Contactez - nous !"
Location Maison 6 pièces 140 m2,2 300 €par mois,"2 300 €par mois
LOCATION",https://www.orpi.com/annonce-location-maison-t6-la-madeleine-59110-75088fa0-2403-4f18-add8-973df7685f1c/,https://cutjhqvjma.cloudimg.io/_prod_/sweepbright-s3/75088fa0-2403-4f18-add8-973df7685f1c--c47f1b2c-3cfb-47d7-88d5-50d564b2f5f2.jpg?p=estate-result-item&ci_url_encoded=1&ci_sign=d38ffeb49b5a3c9fd16efd034250db7e11e43cbb,2026-09-28,,"Magnifique Maison Familiale T7 avec Extérieur – La Madeleine (Secteur Romarin). Emplacement d'exception au calme, à proximité de toutes les commodités. Découvrez cette superbe maison de type T7 d'une surface généreuse, idéalement située dans une rue calme et très prisée du secteur Romarin à La Madeleine. En plus d'offrir le charme authentique de l'ancien (superbes parquets d'origine, cheminées décoratives, boiseries et belles hauteurs sous plafond) allié à des rénovations modernes, elle bénéficie d'une situation géographique idéale pour une famille active. UN EMPLACEMENT IDÉAL (SECTEUR ROMARIN) : Transports : À seulement 7 à 8 minutes à pied de l'arrêt de tramway ""Romarin"" (Lille-Centre n'est qu'à 2 stations). ? Cadre de vie : À deux pas du Square Chaufour, un véritable plus pour les enfants et les balades. ️ Commodités : À proximité immédiate des commerces, des écoles de La Madeleine et des axes routiers. DESCRIPTION DU BIEN PAR NIVEAU : - Au Rez-de-Chaussée : Des espaces de vie lumineux et en enfilade Entrée : Un couloir d’entrée accueillant avec son authentique sol en damier, qui dessert les pièces de vie. Double séjour / Espace de vie : Un très bel espace de réception traversant et en enfilade. Lumineux, habillé d'un magnifique parquet vitrifié, il est agrémenté de cheminées en marbre et de moulures qui apportent un cachet fou. Cuisine dînatoire : Une grande cuisine aménagée et moderne (façades claires, plan de travail sombre, équipée d'une plaque, four, hotte, lave-vaisselle) offrant un véritable espace repas pour la famille. Elle est surmontée d'une magnifique verrière de toit qui baigne la pièce de lumière et s'ouvre directement sur l'extérieur. Commodités : Un WC indépendant. - Au 1er Étage : L'espace parents/enfants Le palier dessert les pièces du premier niveau. 2 Grandes Chambres : Spacieuses, lumineuses, avec parquet au sol et rangements / placards intégrés. Une grande salle de bains : Une pièce d'eau complète et moderne équipée d'une double vasque, d'une baignoire, d'une douche indépendante vitrée, d'un sèche-serviettes et d'un second WC. - Au 2ème Étage : L'espace enfants / bureaux Le palier mène à : 2 Chambres supplémentaires : Également dotées de charme, idéales pour des chambres d'enfants, d'amis ou un espace télétravail. - Au 3ème Étage : Les combles aménagés 5ème Chambre : Un espace sous combles entièrement aménagé et cosy, baigné de lumière grâce à ses fenêtres de toit. Le petit plus : Cette chambre dispose de son propre espace point d'eau avec lavabo et un troisième WC privatif ! LES EXTÉRIEURS & LES ANNEXES : Une superbe cour/terrasse : Un espace extérieur sans vis-à-vis direct, entièrement habillé d’une terrasse en bois et clos de murs végétalisés, idéal pour les barbecues et les moments de détente en famille. Une buanderie pratique : Accessible directement depuis la cour pour y installer les machines à l'écart. Une grande cave : Saine et spacieuse, idéale pour le stockage ou une cave à vin. Une maison au cachet préservé, spacieuse, extrêmement lumineuse et idéalement connectée. Contactez-nous sans tarder pour planifier une visite !"
Location Appartement 2 pièces 41 m2,780 €par mois,"780 €par mois
LOCATION",https://www.orpi.com/annonce-location-appartement-t2-lille-59800-1b6900b3-68e2-432f-af85-d3142adc2cc9/,https://cutjhqvjma.cloudimg.io/_prod_/sweepbright-s3/1b6900b3-68e2-432f-af85-d3142adc2cc9--b5d1efe7-68b3-4335-9919-2d0e60fe71d2.jpg?p=estate-result-item&ci_url_encoded=1&ci_sign=8747d0016203ee716301a54c4989b891d4d29f7b,2026-09-28,Gambetta - Marché de Wazemmes,"Appartement Lille 2 pièce(s) 40 ,82 m2 - G-NA24. Bel appartement T2 à louer, idéalement situé à Lille, à deux pas des transports et commerces. Ce logement de 40,82 m², construit en 1976 et en bon état, offre un séjour lumineux, une chambre confortable, une cuisine fonctionnelle et une salle d'eau optimisée pour le confort quotidien. L'immeuble dispose d'un ascenseur facilitant l'accès et d'un parking extérieur inclus, ainsi qu'une cave en sous-sol pour le stockage supplémentaire. Sa localisation proche des commodités et des lignes de transport en commun le rend parfait pour un célibataire ou un couple recherchant praticité et tranquillité en ville. L'agencement intelligent maximise l'espace et la luminosité, offrant un cadre de vie agréable et soigné. Loyer demandé : 780 EUR par mois. Pour visiter ce bien et obtenir plus d'informations, contactez notre agence — une opportunité à ne pas manquer pour s'installer rapidement à Lille."
Location Appartement 1 pièce 25 m2,650 €par mois,"650 €par mois
LOCATION",https://www.orpi.com/annonce-location-appartement-t1-lille-59000-dbd0e509-c7c3-42e5-9288-4e07409753c3/,https://cutjhqvjma.cloudimg.io/_prod_/sweepbright-s3/dbd0e509-c7c3-42e5-9288-4e07409753c3--27cf53d9-c730-4520-ac18-73864e8c5dba.jpg?p=estate-result-item&ci_url_encoded=1&ci_sign=7c7ea6eefe0e7eb4ada1ef17b0725fc87e6f9c18,2026-09-28,République - Beaux-Arts,"Appartement Lille 1 pièce(s) 24.96 m2. (G) LILLE - République-Beaux-Arts Studio meublé au 3ème étage côté cour, avec cuisine séparée (frigo et plaques) un vaste séjour et une salle de douche avec wc. Les + : Top secteur ! Loyer : 600€  + Provision pour charges : 50 € Dépôt de Garantie : 2 mois de loyers hors charges"
Location Appartement 3 pièces 61 m2,1 050 €par mois,"1 050 €par mois
LOCATION",https://www.orpi.com/annonce-location-appartement-t3-la-madeleine-59110-eace4c98-3805-46a7-9775-f43a5935aac1/,https://cutjhqvjma.cloudimg.io/_prod_/sweepbright-s3/eace4c98-3805-46a7-9775-f43a5935aac1--463e9cfc-272d-4c4f-90d0-232dd510fb6f.jpg?p=estate-result-item&ci_url_encoded=1&ci_sign=7c24f76a9e4cf28a6d7fc0cbfc99193fe94f5992,2026-09-28,Pompidou - Nouvelle Madeleine,"À Louer – Bel Appartement T3 avec Grand Balcon & Parking – Quartier Nouvelle Madeleine / Pompidou. Disponibilité : 1er octobre 2026 Description du bien Découvrez ce superbe appartement 3 pièces chaleureux et fonctionnel, idéalement agencé au sein d'une résidence sécurisée. Ce bien comprend : - Entrée & Dégagement : Un espace d'accueil desservant harmonieusement l'ensemble des pièces. - Pièce de vie : Un salon / séjour agréable bénéficiant de grandes baies vitrées donnant sur l'extérieur avec une vue dégagée. - Cuisine : Semi-ouverte et entièrement aménagée/équipée. - Espace Nuit : 2 chambres disposant de 2 placards intégrés. - Espace Buanderie : Une pièce dédiée pour installer machine à laver, sèche-linge et rangements. - Salle d'eau : Une salle d'eau moderne équipée d'une grande cabine de douche avec jets hydromassants et d'un meuble vasque. - WC : Indépendants. Les + du logement : Grand balcon filant / terrasse : Un vrai prolongement de l'espace de vie pour profiter de l'extérieur. Stationnement : Une place de parking privative en sous-sol sécurisé. Buanderie séparée : Un réel confort au quotidien pour le soin du linge et le stockage. ️ Confort thermique : Logement agréable à vivre au quotidien. Localisation & Cadre de vie Situé dans le quartier recherché Nouvelle Madeleine / Pompidou, à proximité immédiate des transports, des commerces et avec un accès rapide aux axes principaux et à Lille. Contactez-nous sans tarder pour planifier une visite !"
