timestamp,sha256,snapshot_file,row_count
2026-08-03T13:21:36.515946+00:00,60837a8a0ecd86e14c1940877a80675f89871695ce35db251fccedf415a9d798,master_immo_final_60837a8a0ecd.csv,1197
2026-08-05T16:34:17.703269+00:00,c3407421eea11a02646ae877373922f3fc63f3e4efa590d57587962c93353c5d,master_immo_final_c3407421eea1.csv,1197
2026-08-12T16:11:37.402804+00:00,dc030807ffb7a37f5731b2d95ea50a3c78af8012c423e651295b658ad0fc9b45,master_immo_final_dc030807ffb7.csv,2110
2026-08-12T17:10:33.192158+00:00,b4c7fb12a9f7c9909a85646064addcc7384e93ce3cda3ba9cc2d749c73266714,master_immo_final_b4c7fb12a9f7.csv,2110
2026-08-14T11:48:31.512021+00:00,b4c7fb12a9f7c9909a85646064addcc7384e93ce3cda3ba9cc2d749c73266714,master_immo_final_b4c7fb12a9f7.csv,2110
2026-08-14T12:08:17.761732+00:00,b4c7fb12a9f7c9909a85646064addcc7384e93ce3cda3ba9cc2d749c73266714,master_immo_final_b4c7fb12a9f7.csv,2110
2026-08-14T12:08:32.385455+00:00,b4c7fb12a9f7c9909a85646064addcc7384e93ce3cda3ba9cc2d749c73266714,master_immo_final_b4c7fb12a9f7.csv,2110
2026-09-24T22:37:02.542193+00:00,b0c2ff5bd436d5d105f7add4e2e574fb0fb4d879078ef81b0293cf30624f1cce,master_immo_final_b0c2ff5bd436.csv,2617
2026-09-25T08:51:14.647728+00:00,96ffe9003e07626213ae0f74438f40369c16413a1395c19068affaec7921e571,master_immo_final_96ffe9003e07.csv,2617
2026-09-25T09:56:02.689090+00:00,44c627c11c35c87d4592cdd46a6ef8b15a9748078d2811d7cd78333869484dbf,master_immo_final_44c627c11c35.csv,3049
2026-09-25T14:29:32.340720+00:00,47135a69a4f16afa1e326b495a55cd876aceb7fd8ce8241adf9e8a7b3c56c1c5,master_immo_final_47135a69a4f1.csv,3285
2026-09-25T15:00:14.175233+00:00,5995ac00347cdf9d0ee3ba5702ee5f24b2c6ac7b31daeeeaf9e6f6f807355554,master_immo_final_5995ac00347c.csv,1235
2026-09-25T18:20:12.759091+00:00,7a063d58559e800a8bd2cc4fa7665df7e7ca36bfc9d23228fd3e75a598dbf4e0,master_immo_final_7a063d58559e.csv,1237
2026-09-25T18:28:09.394083+00:00,ce47fba2681f67e37aa6142ae5455730a63c5fda2accde1694e5f551fa4290e5,master_immo_final_ce47fba2681f.csv,1237
2026-09-25T18:29:39.706716+00:00,ce47fba2681f67e37aa6142ae5455730a63c5fda2accde1694e5f551fa4290e5,master_immo_final_ce47fba2681f.csv,1237
2026-09-25T18:31:17.628883+00:00,ce47fba2681f67e37aa6142ae5455730a63c5fda2accde1694e5f551fa4290e5,master_immo_final_ce47fba2681f.csv,1237
2026-09-28T20:10:20.948472+00:00,144438a6abb7e3d90e8b15ac18e0376d9deaeebca29a6bd7d9eaf0a536ffd874,master_immo_final_144438a6abb7.csv,802
2026-09-28T20:10:21.004697+00:00,144438a6abb7e3d90e8b15ac18e0376d9deaeebca29a6bd7d9eaf0a536ffd874,master_immo_final_144438a6abb7.csv,802
2026-09-28T20:15:26.740454+00:00,144438a6abb7e3d90e8b15ac18e0376d9deaeebca29a6bd7d9eaf0a536ffd874,master_immo_final_144438a6abb7.csv,802
2026-09-28T23:26:58.221068+00:00,918bdac6713d868fe963f25f66a02b03fee7d8825758f62daba757074988fae0,master_immo_final_918bdac6713d.csv,1184
2026-09-28T23:26:58.921793+00:00,918bdac6713d868fe963f25f66a02b03fee7d8825758f62daba757074988fae0,master_immo_final_918bdac6713d.csv,1184
2026-09-28T23:41:49.442921+00:00,918bdac6713d868fe963f25f66a02b03fee7d8825758f62daba757074988fae0,master_immo_final_918bdac6713d.csv,1184
2026-09-28T23:41:49.863609+00:00,918bdac6713d868fe963f25f66a02b03fee7d8825758f62daba757074988fae0,master_immo_final_918bdac6713d.csv,1184
2026-09-29T09:25:44.818522+00:00,35626156d3e0f88d6e1635805ac4c3cde27564eef59e5b559dc59b96a48197ed,master_immo_final_35626156d3e0.csv,1184
2026-09-29T09:25:45.151916+00:00,35626156d3e0f88d6e1635805ac4c3cde27564eef59e5b559dc59b96a48197ed,master_immo_final_35626156d3e0.csv,1184
2026-09-29T13:05:28.644273+00:00,35626156d3e0f88d6e1635805ac4c3cde27564eef59e5b559dc59b96a48197ed,master_immo_final_35626156d3e0.csv,1184
2026-09-29T13:06:20.115238+00:00,35626156d3e0f88d6e1635805ac4c3cde27564eef59e5b559dc59b96a48197ed,master_immo_final_35626156d3e0.csv,1184
2026-10-05T20:14:56.457066+00:00,cd8b324ba16be3a571658e0e37e26a45700674fac70f7e2b6744843246ab5c3c,master_immo_final_cd8b324ba16b.csv,1154
2026-10-05T20:14:58.943594+00:00,cd8b324ba16be3a571658e0e37e26a45700674fac70f7e2b6744843246ab5c3c,master_immo_final_cd8b324ba16b.csv,1154
